Feature,Importance
PRICE,0.4927523205432194
SALEDATE,0.1795432076328918
EYB,0.055542631870104144
LANDAREA,0.05078526001388113
GBA,0.045864191342231714
AYB,0.03824340492612712
ROOMS,0.023696350462926372
CNDTN,0.022030816682215716
CNDTN_D,0.021026514586330713
GRADE,0.01618645157026263
BEDRM,0.014721353988634006
AC,0.013957252539689338
SALE_NUM,0.013572834366857715
HEAT,0.0120774094746281
