Feature,Importance
PRICE,0.49051967143244907
SALEDATE,0.17902082115128426
EYB,0.06119411264753218
LANDAREA,0.05067509390920272
GBA,0.044502180305156215
AYB,0.03707783928384324
CNDTN,0.03488271064155699
ROOMS,0.021505000834780193
BATHRM,0.019051181415278756
GRADE,0.017210878341470646
SALE_NUM,0.016944799175813315
ROOF,0.01406744608126699
BEDRM,0.013348264780365422
