Feature,Importance
PRICE,0.9511625863082237
SALEDATE,0.03158802251597159
CNDTN,0.006391535980407607
EYB,0.003604419980590726
ROOMS,0.0015864266804979904
LANDAREA,0.001259519893842035
GRADE,0.0009507466061689423
AC,0.0008980066075565577
AYB,0.0007050543899358647
GBA,0.0006605535103468837
HEAT,0.000619092806156229
CNDTN_D,0.0003200604120012537
BEDRM,0.00021443393573600651
SALE_NUM,3.954037256453643e-05
